[{"key": "themeify", "name": "Themeify", "url": "https://github.com/birkbjo/OctoPrint-Themeify"}, {"key": "terminalcommandsextended", "name": "Terminal Commands Extended", "url": "https://github.com/jneilliii/OctoPrint-TerminalCommandsExtended"}, {"key": "widescreen", "name": "OctoPrint-WideScreen", "url": "https://github.com/jneilliii/OctoPrint-WideScreen"}, {"key": "prettygcode", "name": "PrettyGCode", "url": "https://github.com/Kragrathea/OctoPrint-PrettyGCode"}, {"key": "firmwareupdater", "name": "Firmware Updater", "url": "https://github.com/OctoPrint/OctoPrint-FirmwareUpdater"}, {"key": "marlingcodedocumentation", "name": "Marlin GCode Documentation", "url": "https://github.com/costas-basdekis/MarlinGcodeDocumentation"}]