{"profiles": {"printer": {"keys": [{"name": "Make", "value": "make"}, {"name": "Model", "value": "model"}], "values": {"mendelmax": {"values": {"200x200x200_bowden": {"version": "0.3", "name": "200x200x200 - Bowden"}, "200x200x170_direct_drive": {"version": "0.3", "name": "200x200x170 - Direct Drive"}}, "name": "MendelMax"}, "dagoma": {"values": {"neva": {"version": "1.2", "name": "Neva"}}, "name": "Dagoma"}, "anycubic": {"values": {"chiron": {"version": "0.3", "name": "Chiron"}, "mega_s": {"version": "1.2", "name": "Mega-S"}, "i3_mega": {"version": "1.2", "name": "I3 Mega"}}, "name": "Anycubic"}, "lulzbot": {"values": {"taz_6": {"version": "1.2", "name": "Taz 6"}}, "name": "Lulzbot"}, "wanhao": {"values": {"duplicator_i3": {"version": "1.2", "name": "Duplicator i3"}, "duplicator_i3_plus": {"version": "0.3", "name": "Duplicator i3 Plus"}}, "name": "Wanhao"}, "creality3d": {"values": {"ender_3_pro": {"version": "0.3", "name": "Ender 3 Pro"}, "cr_10": {"version": "1.2", "name": "CR-10"}, "ender_5_pro": {"version": "0.2", "name": "Ender 5 Pro"}, "cr_10s_pro": {"version": "0.3", "name": "CR-10S Pro"}, "cr_10s": {"version": "0.3", "name": "CR-10S"}, "ender_5": {"version": "0.2", "name": "Ender 5"}, "cr_10_mini": {"version": "0.3", "name": "CR-10 Mini"}, "ender_3": {"version": "0.4", "name": "Ender 3"}}, "name": "Creality3d"}, "anet": {"values": {"a8": {"version": "1.2", "name": "A8"}}, "name": "Anet"}, "monoprice": {"values": {"maker_select_v2": {"version": "1.2", "name": "Maker Select V2"}, "mp_select_mini_v2": {"version": "0.3", "name": "MP Select Mini V2"}, "maker_select_plus": {"version": "0.3", "name": "Maker Select Plus"}}, "name": "Monoprice"}, "prusa": {"values": {"mini": {"version": "0.2", "name": "MINI"}, "mk3s_w_mmu2": {"version": "1.3", "name": "MK3S with MMU2"}, "mk2.5s": {"version": "1.2", "name": "MK2.5S"}, "mk3s": {"version": "1.3", "name": "MK3S"}, "mk2.5": {"version": "1.2", "name": "MK2.5"}, "mk2s": {"version": "1.21", "name": "MK2S"}, "mk3": {"version": "1.3", "name": "MK3"}, "mk2.5s_w_mmu2": {"version": "1.2", "name": "MK2.5S with MMU2"}, "mk2": {"version": "1.2", "name": "MK2"}}, "name": "Prusa"}, "irapid": {"values": {"black": {"version": "1.2", "name": "Black"}}, "name": "Irapid"}, "geeektech": {"values": {"a30": {"version": "0.2", "name": "A30"}}, "name": "Geeektech"}}}, "stabilization": {"keys": [{"name": "Profile to Import", "value": "server_profile"}], "values": {"disabled": {"version": "1.0", "name": "Disabled"}, "back_left": {"version": "1.0", "name": "Back Left"}, "back_right": {"version": "1.0", "name": "Back Right"}, "octoprint_style": {"version": "1.0", "name": "OctoPrint Style - No Stabilization"}, "back_center": {"version": "1.0", "name": "Back Center"}, "animated_orbit": {"version": "1.0", "name": "Animated - Orbit"}, "centered": {"version": "1.0", "name": "Centered"}, "front_right": {"version": "1.0", "name": "Front Right"}, "front_center": {"version": "1.0", "name": "Front Center"}, "animated_printing": {"version": "1.0", "name": "Animated - Printing"}, "front_left": {"version": "1.0", "name": "Front Left"}, "center_right": {"version": "1.0", "name": "Center Right"}, "center_left": {"version": "1.0", "name": "Center Left"}}}, "camera": {"keys": [{"name": "Profile to Import", "value": "server_profile"}], "values": {"webcam_octopi_0.16.0": {"version": "1.0", "name": "Webcam - Default OctoPi 0.16.0"}, "gcode_printer_camera": {"version": "1.0", "name": "Gcode Camera - Built Into Printer"}}}, "rendering": {"keys": [{"name": "Profile to Import", "value": "server_profile"}], "values": {"mp4_fixed_length_15": {"version": "1.1", "name": "MP4 - Fixed Length - 00:15"}, "mp4_fixed_length_05": {"version": "1.1", "name": "MP4 - Fixed Length - 00:05"}, "mp4_fixed_length_10": {"version": "1.1", "name": "MP4 - Fixed Length - 00:10"}, "mp4_fixed_length_30": {"version": "1.1", "name": "MP4 - Fixed Length - 00:30"}, "mp4_fixed_fps_15": {"version": "1.1", "name": "MP4 - 15 FPS"}, "disabled": {"version": "1.1", "name": "Disabled (for manual rendering)"}, "gif_fixed_length_05": {"version": "1.1", "name": "GIF - Fixed Length - 00:05"}, "mp4_fixed_fps_30": {"version": "1.1", "name": "MP4 - 30 FPS"}, "mp4_fixed_fps_60": {"version": "1.1", "name": "MP4 - 60 FPS"}, "mp4_fixed_length_60": {"version": "1.1", "name": "MP4 - Fixed Length - 01:00"}}}, "trigger": {"keys": [{"name": "Profile to Import", "value": "server_profile"}], "values": {"layer": {"version": "1.0", "name": "Classic - Every Layer"}, "gcode": {"version": "1.0", "name": "Classic - Gcode"}, "smart_fast": {"version": "1.1", "name": "Smart - Fast (low quality)"}, "smart_compatibility": {"version": "1.1", "name": "Smart - Compatibility"}, "timer_60_sec": {"version": "1.0", "name": "Classic - Timer 1m 00s"}, "smart_snap_to_print_high_quality": {"version": "1.2", "name": "Smart - Snap To Print - High Quality"}, "layer_0.5mm": {"version": "1.0", "name": "Classic - Layer 0.5mm"}, "smart_snap_to_print": {"version": "1.1", "name": "Smart - Snap To Print"}, "smart_high_quality": {"version": "1.1", "name": "Smart - High Quality"}, "smart_gcode": {"version": "1.0", "name": "Smart - Gcode"}, "smart_snap_to_print_smooth": {"version": "1.1", "name": "Smart - Snap To Print - Smooth"}, "timer_30_sec": {"version": "1.0", "name": "Classic - Timer 0m 30s"}}}, "logging": {"keys": [{"name": "Profile to Import", "value": "server_profile"}], "values": {"debug": {"version": "1.0", "name": "Debug Logging"}, "errors": {"version": "1.0", "name": "Log All Errors - Recommended"}, "debug_script_cameras": {"version": "1.0", "name": "Debug - Script Cameras (DSLR)"}, "verbose": {"version": "1.0", "name": "Log Everything"}, "c++": {"version": "1.0", "name": "Log Parsing/Preprocessing/Position Tracking"}}}}, "plugin_version": "0.4.0rc1.dev5"}