[{"url": "https://github.com/jneilliii/OctoPrint-TerminalCommandsExtended", "name": "Terminal Commands Extended", "key": "terminalcommandsextended"}, {"url": "https://github.com/OctoPrint/OctoPrint-FirmwareUpdater", "name": "Firmware Updater", "key": "firmwareupdater"}, {"url": "https://github.com/Kragrathea/OctoPrint-PrettyGCode", "name": "PrettyGCode", "key": "prettygcode"}, {"url": "https://github.com/costas-basdekis/MarlinGcodeDocumentation", "name": "Marlin GCode Documentation", "key": "marlingcodedocumentation"}, {"url": "https://github.com/jneilliii/OctoPrint-WideScreen", "name": "OctoPrint-WideScreen", "key": "widescreen"}, {"url": "https://github.com/birkbjo/OctoPrint-Themeify", "name": "Themeify", "key": "themeify"}, {"url": "https://github.com/FormerLurker/Octolapse", "name": "Octolapse", "key": "octolapse"}]